[{"image url": "https://ih1.redbubble.net/image.1123458191.4259/st,small,507x507-pad,600x600,f8f8f8.jpg", "item name": "Lil Darkie killing Lil Darkie art Sticker", "item link": "https://www.redbubble.com/i/sticker/Lil-Darkie-killing-Lil-Darkie-art-by-sphygen/46234259.EJUG5"}, {"image url": "https://ih1.redbubble.net/image.1278265052.0664/icr,iphone_11_soft,back,a,x600-pad,600x600,f8f8f8.jpg", "item name": "Lil Darkie with Mushrooms iPhone Soft Case", "item link": "https://www.redbubble.com/i/iphone-case/Lil-Darkie-with-Mushrooms-by-sphygen/49650664.PM7U2"}, {"image url": "https://ih1.redbubble.net/image.1114988884.8350/ssrco,classic_tee,mens,fafafa:ca443f4786,front_alt,square_product,600x600.u2.jpg", "item name": "Lil Darkie Spider Gang Face Classic T-Shirt", "item link": "https://www.redbubble.com/i/t-shirt/Lil-Darkie-Spider-Gang-Face-by-sphygen/46038350.WFLAH.XYZ"}, {"image url": "https://ih1.redbubble.net/image.1206929218.9197/icr,iphone_11_soft,back,a,x600-pad,600x600,f8f8f8.jpg", "item name": "lil darkie where is darkie iPhone Soft Case", "item link": "https://www.redbubble.com/i/iphone-case/lil-darkie-where-is-darkie-by-ShuTheFuckUpMax/48049197.PM7U2"}, {"image url": "https://ih1.redbubble.net/image.1115007967.9367/ra,sweatshirt,x1800,oatmeal_heather,front-c,281,327,600,600-bg,f8f8f8.u2.jpg", "item name": "Lil Darkie Spider Gang Character Pullover Sweatshirt", "item link": "https://www.redbubble.com/i/sweatshirt/Lil-Darkie-Spider-Gang-Character-by-sphygen/46039367.73735"}, {"image url": "https://ih1.redbubble.net/image.1270446768.0010/ssrco,classic_tee,mens,101010:01c5ca27c6,front_alt,square_product,600x600.jpg", "item name": "Classic Lil Darkie Cartoon Classic T-Shirt", "item link": "https://www.redbubble.com/i/t-shirt/Classic-Lil-Darkie-Cartoon-by-sphygen/49470010.IJ6L0.XYZ"}, {"image url": "https://ih1.redbubble.net/image.1191184457.4001/ssrco,lightweight_sweatshirt,mens,black_lightweight_raglan_sweatshirt,front,square_product,x600-bg,f8f8f8.jpg", "item name": "race is fake poster \"lil darkie\" Lightweight Sweatshirt", "item link": "https://www.redbubble.com/i/sweatshirt/race-is-fake-poster-lil-darkie-by-alit1985/47724001.0LCRC.XYZ"}, {"image url": "https://ih1.redbubble.net/image.1382755646.1740/st,small,507x507-pad,600x600,f8f8f8.jpg", "item name": "lil Darkie Character Sticker", "item link": "https://www.redbubble.com/i/sticker/lil-Darkie-Character-by-PandaBoi123/51881740.EJUG5"}, {"image url": "https://ih1.redbubble.net/image.1517884580.4380/st,small,507x507-pad,600x600,f8f8f8.jpg", "item name": "lil darkie with bong Sticker", "item link": "https://www.redbubble.com/i/sticker/lil-darkie-with-bong-by-PandaBoi123/54584380.EJUG5"}, {"image url": "https://ih1.redbubble.net/image.1516062592.6438/st,small,507x507-pad,600x600,f8f8f8.jpg", "item name": "lil darkie Head Sticker", "item link": "https://www.redbubble.com/i/sticker/lil-darkie-Head-by-PandaBoi123/54546438.EJUG5"}, {"image url": "https://ih1.redbubble.net/image.1384293211.2020/st,small,507x507-pad,600x600,f8f8f8.jpg", "item name": "lil Darkie Face Sticker", "item link": "https://www.redbubble.com/i/sticker/lil-Darkie-Face-by-PandaBoi123/51912020.EJUG5"}, {"image url": "https://ih1.redbubble.net/image.1151324094.5365/ssrco,mhoodie,mens,oatmeal_heather,front,square_product,x600-bg,f8f8f8.1.jpg", "item name": "Lil Darkie and SKiiTZO 83HADES  Album Cover Pullover Hoodie", "item link": "https://www.redbubble.com/i/hoodie/Lil-Darkie-and-SKiiTZO-83HADES-Album-Cover-by-sphygen/46895365.O16E3.XYZ"}, {"image url": "https://ih1.redbubble.net/image.1512435606.1180/st,small,507x507-pad,600x600,f8f8f8.jpg", "item name": "lil darkie portrayed as kali ma Sticker", "item link": "https://www.redbubble.com/i/sticker/lil-darkie-portrayed-as-kali-ma-by-PandaBoi123/54471180.EJUG5"}, {"image url": "https://ih1.redbubble.net/image.1559896066.9729/st,small,507x507-pad,600x600,f8f8f8.jpg", "item name": "lil darkie Sticker", "item link": "https://www.redbubble.com/i/sticker/lil-darkie-by-viictoriak/55469729.EJUG5"}, {"image url": "https://ih1.redbubble.net/image.1559875790.9311/st,small,507x507-pad,600x600,f8f8f8.jpg", "item name": "lil darkie Sticker", "item link": "https://www.redbubble.com/i/sticker/lil-darkie-by-viictoriak/55469311.EJUG5"}, {"image url": "https://ih1.redbubble.net/image.802017876.9701/ssrco,mens_premium_t_shirt,mens,fafafa:ca443f4786,front,square_product,x600-bg,f8f8f8.1u9.jpg", "item name": "Frank Reynolds: Man Spider from Always Sunny Premium T-Shirt", "item link": "https://www.redbubble.com/i/t-shirt/Frank-Reynolds-Man-Spider-from-Always-Sunny-by-k-businessbitch/38339701.D681C"}, {"image url": "https://ih1.redbubble.net/image.1516069399.6578/ssrco,classic_tee,mens,fafafa:ca443f4786,front_alt,square_product,600x600.jpg", "item name": "DARKIE x WENDIGO Classic T-Shirt", "item link": "https://www.redbubble.com/i/t-shirt/DARKIE-x-WENDIGO-by-PandaBoi123/54546578.WFLAH"}, {"image url": "https://ih1.redbubble.net/image.1512377064.9937/st,small,507x507-pad,600x600,f8f8f8.jpg", "item name": "WENDIGO Sticker", "item link": "https://www.redbubble.com/i/sticker/WENDIGO-by-PandaBoi123/54469937.EJUG5"}, {"image url": "https://ih1.redbubble.net/image.1370434808.2082/st,small,507x507-pad,600x600,f8f8f8.jpg", "item name": "lil Darkie Wanted Poster Sticker", "item link": "https://www.redbubble.com/i/sticker/lil-Darkie-Wanted-Poster-by-PandaBoi123/51642082.EJUG5"}, {"image url": "https://ih1.redbubble.net/image.1527918404.4843/ur,mask_flatlay_front,product,600x600.jpg", "item name": "lil darkie smile mask Mask", "item link": "https://www.redbubble.com/i/mask/lil-darkie-smile-mask-by-PandaBoi123/54794843.9G0D8"}, {"image url": "https://ih1.redbubble.net/image.1278297821.1418/wallet,540x,iphone_6s_wallet-pad,600x600,f8f8f8.jpg", "item name": "Black and White Mushrooms Lil Darkie iPhone Wallet", "item link": "https://www.redbubble.com/i/iphone-case/Black-and-White-Mushrooms-Lil-Darkie-by-sphygen/49651418.TALA6"}, {"image url": "https://ih1.redbubble.net/image.1559848361.8732/st,small,507x507-pad,600x600,f8f8f8.jpg", "item name": "Lil darkie x Afourteen Sticker", "item link": "https://www.redbubble.com/i/sticker/Lil-darkie-x-Afourteen-by-viictoriak/55468732.EJUG5"}, {"image url": "https://ih1.redbubble.net/image.1507440423.7132/st,small,507x507-pad,600x600,f8f8f8.jpg", "item name": "Lil Darkie Genocide Sticker", "item link": "https://www.redbubble.com/i/sticker/Lil-Darkie-Genocide-by-CheDesigns/54367132.EJUG5"}, {"image url": "https://ih1.redbubble.net/image.748078534.5875/ssrco,mhoodiez,mens,101010:01c5ca27c6,front,square_product,600x600-bg,f8f8f8.u3.jpg", "item name": "SPIDER BLADEE TYPE PRINT T-SHIRT Zipped Hoodie", "item link": "https://www.redbubble.com/i/hoodie/SPIDER-BLADEE-TYPE-PRINT-T-SHIRT-by-cashmoneygalaxy/37005875.BN4XF"}, {"image url": "https://ih1.redbubble.net/image.1298454268.1969/ssrco,racerback,womens,fafafa:ca443f4786,front,square_product,x600-bg,f8f8f8.1.jpg", "item name": "Lil Darkie Holding Umbrella Racerback Tank Top", "item link": "https://www.redbubble.com/i/tank-top/Lil-Darkie-Holding-Umbrella-by-sphygen/50111969.N283C"}, {"image url": "https://ih1.redbubble.net/image.727832290.0390/ssrco,classic_tee,mens,fafafa:ca443f4786,front_alt,square_product,600x600.u1.jpg", "item name": "Spider Verse Gang Classic T-Shirt", "item link": "https://www.redbubble.com/i/t-shirt/Spider-Verse-Gang-by-nathvods/36420390.WFLAH"}, {"image url": "https://ih1.redbubble.net/image.415737334.1387/ssrco,classic_tee,mens,9ec0d5:0d26d5c715,front_alt,square_product,600x600.u1.jpg", "item name": "Spider Gang! Classic T-Shirt", "item link": "https://www.redbubble.com/i/t-shirt/Spider-Gang-by-wss3/27681387.240QL.XYZ"}, {"image url": "https://ih1.redbubble.net/image.1516089927.7014/st,small,507x507-pad,600x600,f8f8f8.jpg", "item name": "DARKIE AMV Sticker", "item link": "https://www.redbubble.com/i/sticker/DARKIE-AMV-by-PandaBoi123/54547014.EJUG5"}, {"image url": "https://ih1.redbubble.net/image.359181909.5660/ra,sweatshirt,x1800,charcoal_heather,front-c,281,327,600,600-bg,f8f8f8.u4.jpg", "item name": "Sassy Spider  Pullover Sweatshirt", "item link": "https://www.redbubble.com/i/sweatshirt/Sassy-Spider-by-GrittySugar/26125660.4UUCT"}, {"image url": "https://ih1.redbubble.net/image.807543301.9897/ssrco,mens_premium_t_shirt,mens,fafafa:ca443f4786,front,square_product,x600-bg,f8f8f8.1u48.jpg", "item name": "Frank Reynolds Man Spider from Always Sunny Premium T-Shirt", "item link": "https://www.redbubble.com/i/t-shirt/Frank-Reynolds-Man-Spider-from-Always-Sunny-by-k-businessbitch/38489897.D681C"}, {"image url": "https://ih1.redbubble.net/image.1513684704.7180/icr,iphone_11_soft,back,a,x600-pad,600x600,f8f8f8.jpg", "item name": "Phantom spider iPhone Soft Case", "item link": "https://www.redbubble.com/i/iphone-case/Phantom-spider-by-PorMany/54497180.PM7U2"}, {"image url": "https://ih1.redbubble.net/image.1512392634.0270/st,small,507x507-pad,600x600,f8f8f8.jpg", "item name": "lil darkie the magician Sticker", "item link": "https://www.redbubble.com/i/sticker/lil-darkie-the-magician-by-PandaBoi123/54470270.EJUG5"}, {"image url": "https://ih1.redbubble.net/image.1666678784.5314/throwpillow,small,600x-bg,f8f8f8-c,0,120,600,600.jpg", "item name": "Spider Throw Pillow", "item link": "https://www.redbubble.com/i/throw-pillow/Spider-by-Mikado44/57755314.5X2YF"}, {"image url": "https://ih1.redbubble.net/image.53162480.0352/ssrco,slim_fit_t_shirt,mens,353d77:4d8b4ffd91,front,square_product,600x600.jpg", "item name": "gang names Essential T-Shirt", "item link": "https://www.redbubble.com/i/t-shirt/gang-names-by-inkpossible/14490352.88ZX2.XYZ"}, {"image url": "https://ih1.redbubble.net/image.266786365.1798/scarf,x630-pad,600x600,f8f8f8.jpg", "item name": "Halloween gang Scarf", "item link": "https://www.redbubble.com/i/scarf/Halloween-gang-by-jeschu/23441798.B15PI"}, {"image url": "https://ih1.redbubble.net/image.1016730370.3540/mug,standard,x334,right-pad,600x600,f8f8f8.jpg", "item name": "A Gang Of Hanging Spiders Classic Mug", "item link": "https://www.redbubble.com/i/mug/A-Gang-Of-Hanging-Spiders-by-SubtleSplit/43163540.9Q0AD"}, {"image url": "https://ih1.redbubble.net/image.1314994364.0885/ur,socks_flatlay_medium,square,600x600-bg,f8f8f8.1.jpg", "item name": "Spider Socks", "item link": "https://www.redbubble.com/i/socks/Spider-by-gingganggoo/50450885.9HZ1B"}, {"image url": "https://ih1.redbubble.net/image.948686722.8599/ssrco,classic_tee,mens,denim_heather,front_alt,square_product,600x600.jpg", "item name": "The Gang Classic T-Shirt", "item link": "https://www.redbubble.com/i/t-shirt/The-Gang-by-earthlingexe/42008599.22W0K.XYZ"}, {"image url": "https://ih1.redbubble.net/image.1394636138.8174/st,small,507x507-pad,600x600,f8f8f8.jpg", "item name": "despacito spider Sticker", "item link": "https://www.redbubble.com/i/sticker/despacito-spider-by-uisch/52118174.EJUG5"}, {"image url": "https://ih1.redbubble.net/image.1273199454.4180/poster,504x498,f8f8f8-pad,600x600,f8f8f8.u1.jpg", "item name": "Spider gang Poster", "item link": "https://www.redbubble.com/i/poster/Spider-gang-by-bees1727/49534180.LVTDI"}, {"image url": "https://ih1.redbubble.net/image.266790571.1927/st,small,507x507-pad,600x600,f8f8f8.u2.jpg", "item name": "Halloween gang 2 Sticker", "item link": "https://www.redbubble.com/i/sticker/Halloween-gang-2-by-jeschu/23441927.EJUG5"}, {"image url": "https://ih1.redbubble.net/image.1517817027.3013/ssrco,classic_tee,mens,fafafa:ca443f4786,front_alt,square_product,600x600.jpg", "item name": "old cartoon eyes (black) Classic T-Shirt", "item link": "https://www.redbubble.com/i/t-shirt/old-cartoon-eyes-black-by-PandaBoi123/54583013.WFLAH"}, {"image url": "https://ih1.redbubble.net/image.1292803232.2185/st,small,507x507-pad,600x600,f8f8f8.jpg", "item name": "Witch Gang Lips  Sticker", "item link": "https://www.redbubble.com/i/sticker/Witch-Gang-Lips-by-arialees1/49982185.EJUG5"}, {"image url": "https://ih1.redbubble.net/image.1568443475.0097/st,small,507x507-pad,600x600,f8f8f8.jpg", "item name": "lil darkie running - 1 Sticker", "item link": "https://www.redbubble.com/i/sticker/lil-darkie-running-1-by-PandaBoi123/55650097.EJUG5"}, {"image url": "https://ih1.redbubble.net/image.14011694.3879/pp,504x498-pad,600x600,f8f8f8.u5.jpg", "item name": "Kelly Wheel Photographic Print", "item link": "https://www.redbubble.com/i/photographic-print/Kelly-Wheel-by-NaomisBroom/10353879.6Q0TX"}, {"image url": "https://ih1.redbubble.net/image.1021325492.9875/ur,socks_flatlay_medium,square,600x600-bg,f8f8f8.1.jpg", "item name": "Spider Spider (Ice Cream Float) Gang! Socks", "item link": "https://www.redbubble.com/i/socks/Spider-Spider-Ice-Cream-Float-Gang-by-Mochihuahua/43749875.9HZ1B"}, {"image url": "https://ih1.redbubble.net/image.116008600.4766/aps,504x498,small,transparent-pad,600x600,f8f8f8.jpg", "item name": "\u25b4 spider \u25b4 Art Print", "item link": "https://www.redbubble.com/i/art-print/spider-by-pixiepunk/17244766.1G4ZT"}, {"image url": "https://ih1.redbubble.net/image.1512445920.1399/st,small,507x507-pad,600x600,f8f8f8.jpg", "item name": "lil darkie Box Logo Sticker Sticker", "item link": "https://www.redbubble.com/i/sticker/lil-darkie-Box-Logo-Sticker-by-PandaBoi123/54471399.EJUG5"}, {"image url": "https://ih1.redbubble.net/image.772549002.6447/ssrco,mhoodiez,mens,oatmeal_heather,front,square_product,600x600-bg,f8f8f8.jpg", "item name": "Doodle Gang Zipped Hoodie", "item link": "https://www.redbubble.com/i/hoodie/Doodle-Gang-by-InkPanther/37686447.R76QN"}, {"image url": "https://ih1.redbubble.net/image.578963925.7397/icr,samsung_galaxy_s10_snap,back,a,x600-pad,600x600,f8f8f8.1.jpg", "item name": "A Tangled Web Samsung Galaxy Snap Case", "item link": "https://www.redbubble.com/i/samsung-case/A-Tangled-Web-by-jellybeanjesse/32147397.L6XAS"}, {"image url": "https://ih1.redbubble.net/image.710887669.1173/clkf,bamboo,white,600x600-bg,f8f8f8.u1.jpg", "item name": "Spider-boy and Gang Green Troll Clock", "item link": "https://www.redbubble.com/i/clock/Spider-boy-and-Gang-Green-Troll-by-UwUcifer/35931173.CN2BJ"}, {"image url": "https://ih1.redbubble.net/image.1559853236.8844/st,small,507x507-pad,600x600,f8f8f8.jpg", "item name": "Keith Ape x Lil Darkie x Afourteen Sticker", "item link": "https://www.redbubble.com/i/sticker/Keith-Ape-x-Lil-Darkie-x-Afourteen-by-viictoriak/55468844.EJUG5"}, {"image url": "https://ih1.redbubble.net/image.881254607.7400/st,small,507x507-pad,600x600,f8f8f8.jpg", "item name": "Bug Boi Gang Sticker", "item link": "https://www.redbubble.com/i/sticker/Bug-Boi-Gang-by-DustyGoose/40407400.EJUG5"}, {"image url": "https://ih1.redbubble.net/image.1516082473.6864/ssrco,classic_tee,mens,fafafa:ca443f4786,front_alt,square_product,600x600.jpg", "item name": "The Small Dark One AMV Classic T-Shirt", "item link": "https://www.redbubble.com/i/t-shirt/The-Small-Dark-One-AMV-by-PandaBoi123/54546864.WFLAH"}, {"image url": "https://ih1.redbubble.net/image.1559839988.8558/st,small,507x507-pad,600x600,f8f8f8.jpg", "item name": "Lil darkie Sticker", "item link": "https://www.redbubble.com/i/sticker/Lil-darkie-by-viictoriak/55468558.EJUG5"}, {"image url": "https://ih1.redbubble.net/image.1559833903.8418/st,small,507x507-pad,600x600,f8f8f8.jpg", "item name": "lil darkie Sticker", "item link": "https://www.redbubble.com/i/sticker/lil-darkie-by-viictoriak/55468418.EJUG5"}, {"image url": "https://ih1.redbubble.net/image.1559837666.8505/st,small,507x507-pad,600x600,f8f8f8.jpg", "item name": "Lil Darkie Sticker", "item link": "https://www.redbubble.com/i/sticker/Lil-Darkie-by-viictoriak/55468505.EJUG5"}, {"image url": "https://ih1.redbubble.net/image.1568481533.0871/st,small,507x507-pad,600x600,f8f8f8.jpg", "item name": "lil darkie running - 2 Sticker", "item link": "https://www.redbubble.com/i/sticker/lil-darkie-running-2-by-PandaBoi123/55650871.EJUG5"}, {"image url": "https://ih1.redbubble.net/image.1559888742.9572/st,small,507x507-pad,600x600,f8f8f8.jpg", "item name": "lil darkie Sticker", "item link": "https://www.redbubble.com/i/sticker/lil-darkie-by-viictoriak/55469572.EJUG5"}, {"image url": "https://ih1.redbubble.net/image.1559885455.9512/mug,travel,x600,center-pad,600x600,f8f8f8.jpg", "item name": "lil darkie Travel Mug", "item link": "https://www.redbubble.com/i/mug/lil-darkie-by-viictoriak/55469512.V33QC"}, {"image url": "https://ih1.redbubble.net/image.1517889831.4480/st,small,507x507-pad,600x600,f8f8f8.jpg", "item name": "lil darkie head Sticker", "item link": "https://www.redbubble.com/i/sticker/lil-darkie-head-by-PandaBoi123/54584480.EJUG5"}, {"image url": "https://ih1.redbubble.net/image.1559844701.8658/st,small,507x507-pad,600x600,f8f8f8.jpg", "item name": "Afourteen Sticker", "item link": "https://www.redbubble.com/i/sticker/Afourteen-by-viictoriak/55468658.EJUG5"}, {"image url": "https://ih1.redbubble.net/image.1517813006.2934/ssrco,classic_tee,mens,101010:01c5ca27c6,front_alt,square_product,600x600.jpg", "item name": "old cartoon eyes (white) Classic T-Shirt", "item link": "https://www.redbubble.com/i/t-shirt/old-cartoon-eyes-white-by-PandaBoi123/54582934.IJ6L0.XYZ"}, {"image url": "https://ih1.redbubble.net/image.1360813180.9595/mug,travel,x600,center-pad,600x600,f8f8f8.jpg", "item name": "Cool Spider Vintage Gothic Fashion Painted Print Travel Mug", "item link": "https://www.redbubble.com/i/mug/Cool-Spider-Vintage-Gothic-Fashion-Painted-Print-by-PolygonGamer/51439595.V33QC"}, {"image url": "https://ih1.redbubble.net/image.1257878172.8830/ur,mask_flatlay_front,product,600x600.jpg", "item name": "Spider Quartz Mask", "item link": "https://www.redbubble.com/i/mask/Spider-Quartz-by-KathVoll/27678830.9G0D8"}, {"image url": "https://ih1.redbubble.net/image.1561848351.8202/tb,840x840,small-c,1,198,600,600-bg,f8f8f8.jpg", "item name": "The leader of the spider gang All Over Print Tote Bag", "item link": "https://www.redbubble.com/i/tote-bag/The-leader-of-the-spider-gang-by-SandAshop/55168202.PJQVX"}, {"image url": "https://ih1.redbubble.net/image.839870466.3305/ssrco,slim_fit_t_shirt,mens,fafafa:ca443f4786,front,square_product,600x600.u1.jpg", "item name": "Me And The Boys Essential T-Shirt", "item link": "https://www.redbubble.com/i/t-shirt/Me-And-The-Boys-by-Cuteafd/39383305.NL9AC.XYZ"}, {"image url": "https://ih1.redbubble.net/image.1559892857.9658/st,small,507x507-pad,600x600,f8f8f8.jpg", "item name": "lil darkie Sticker", "item link": "https://www.redbubble.com/i/sticker/lil-darkie-by-viictoriak/55469658.EJUG5"}, {"image url": "https://ih1.redbubble.net/image.1318929190.8326/ur,mask_flatlay_front,product,600x600.jpg", "item name": "Plant gang with begonia Mask", "item link": "https://www.redbubble.com/i/mask/Plant-gang-with-begonia-by-onebee/45008326.9G0D8"}, {"image url": "https://ih1.redbubble.net/image.1552098319.5156/ur,mask_flatlay_front,product,600x600.jpg", "item name": "Dark boy of the spider gang Mask", "item link": "https://www.redbubble.com/i/mask/Dark-boy-of-the-spider-gang-by-SandAshop/55305156.9G0D8"}, {"image url": "https://ih1.redbubble.net/image.1559860375.8989/st,small,507x507-pad,600x600,f8f8f8.jpg", "item name": "Lil darkie X Afourteen X Christ Dillinger Sticker", "item link": "https://www.redbubble.com/i/sticker/Lil-darkie-X-Afourteen-X-Christ-Dillinger-by-viictoriak/55468989.EJUG5"}, {"image url": "https://ih1.redbubble.net/image.1017964873.7928/ssrco,classic_tee,mens,fafafa:ca443f4786,front_alt,square_product,600x600.jpg", "item name": "sadboys black spider Classic T-Shirt", "item link": "https://www.redbubble.com/i/t-shirt/sadboys-black-spider-by-SN1P3R/43667928.WFLAH.XYZ"}, {"image url": "https://ih1.redbubble.net/image.1559864963.9093/icr,iphone_11_soft,back,a,x600-pad,600x600,f8f8f8.jpg", "item name": "Lil darkie x Afourteen x Christ Dillinger iPhone Soft Case", "item link": "https://www.redbubble.com/i/iphone-case/Lil-darkie-x-Afourteen-x-Christ-Dillinger-by-viictoriak/55469093.PM7U2"}, {"image url": "https://ih1.redbubble.net/image.203631660.5530/hj,496x-pad,600x600,f8f8f8.u2.jpg", "item name": "Wanted Halloween Monsters Gang Hardcover Journal", "item link": "https://www.redbubble.com/i/notebook/Wanted-Halloween-Monsters-Gang-by-AlexIPhotograph/21375530.RXH2R"}, {"image url": "https://ih1.redbubble.net/image.1017964455.7917/ssrco,classic_tee,mens,101010:01c5ca27c6,front_alt,square_product,600x600.jpg", "item name": "Invert sadboys spider Classic T-Shirt", "item link": "https://www.redbubble.com/i/t-shirt/Invert-sadboys-spider-by-SN1P3R/43667917.IJ6L0.XYZ"}, {"image url": "https://ih1.redbubble.net/image.1635351199.2336/ra,sweatshirt,x1800,oatmeal_heather,front-c,281,327,600,600-bg,f8f8f8.jpg", "item name": "A giant spider from the Fantasy land  Pullover Sweatshirt", "item link": "https://www.redbubble.com/i/sweatshirt/A-giant-spider-from-the-Fantasy-land-by-ecomgirl/57082336.73735"}, {"image url": "https://ih1.redbubble.net/image.923173486.5350/ur,bathmat_flatlay_small,square,600x600.1u2.jpg", "item name": "Halloween Labrador Ghoul Gang Shirt Bath Mat", "item link": "https://www.redbubble.com/i/bath-mat/Halloween-Labrador-Ghoul-Gang-Shirt-by-ayion/41395350.EVFTZ"}, {"image url": "https://ih1.redbubble.net/image.614297551.1395/ssrco,classic_tee,mens,fafafa:ca443f4786,front_alt,square_product,600x600.u4.jpg", "item name": "ANTI SPIDER NO.3 Classic T-Shirt", "item link": "https://www.redbubble.com/i/t-shirt/ANTI-SPIDER-NO-3-by-BlackHerb/33121395.WFLAH"}, {"image url": "https://ih1.redbubble.net/image.923174190.5366/icr,iphone_11_soft,back,a,x600-pad,600x600,f8f8f8.u2.jpg", "item name": "Halloween Pug Ghoul Gang  iPhone Soft Case", "item link": "https://www.redbubble.com/i/iphone-case/Halloween-Pug-Ghoul-Gang-by-ayion/41395366.PM7U2"}, {"image url": "https://ih1.redbubble.net/image.1099765420.8066/ssrco,mens_premium_t_shirt,mens,101010:01c5ca27c6,front,square_product,x600-bg,f8f8f8.1.jpg", "item name": "Spider Skull Art Premium T-Shirt", "item link": "https://www.redbubble.com/i/t-shirt/Spider-Skull-Art-by-wolfgangrainer/45678066.6VDG0"}, {"image url": "https://ih1.redbubble.net/image.1472998732.1190/ssrco,mhoodie,mens,oatmeal_heather,front,square_product,x600-bg,f8f8f8.1.jpg", "item name": "Poison ?  Pullover Hoodie", "item link": "https://www.redbubble.com/i/hoodie/Poison-by-Karibubble/53661190.O16E3.XYZ"}, {"image url": "https://ih1.redbubble.net/image.1072157139.0243/st,small,507x507-pad,600x600,f8f8f8.jpg", "item name": "plant gang sticker Sticker", "item link": "https://www.redbubble.com/i/sticker/plant-gang-sticker-by-onebee/45010243.EJUG5"}, {"image url": "https://ih1.redbubble.net/image.477396171.8826/tapestry,720x-pad,600x600,f8f8f8.u7.jpg", "item name": "Trill Baddie Tapestry", "item link": "https://www.redbubble.com/i/tapestry/Trill-Baddie-by-Philltoons/21838826.PCFHB"}, {"image url": "https://ih1.redbubble.net/image.1197403993.8399/ssrco,slim_fit_t_shirt,mens,101010:01c5ca27c6,front,square_product,600x600.jpg", "item name": "skull 3 Essential T-Shirt", "item link": "https://www.redbubble.com/i/t-shirt/skull-3-by-KarinClaesson/22908399.FB110"}, {"image url": "https://ih1.redbubble.net/image.250067978.8067/ssrco,slim_fit_t_shirt,mens,101010:01c5ca27c6,front,square_product,600x600.u5.jpg", "item name": "Skull 2 Essential T-Shirt", "item link": "https://www.redbubble.com/i/t-shirt/Skull-2-by-KarinClaesson/22908067.FB110"}, {"image url": "https://ih1.redbubble.net/image.1230062534.7111/ssrco,slim_fit_t_shirt,mens,101010:01c5ca27c6,front,square_product,600x600.u2.jpg", "item name": "Skull 1 Essential T-Shirt", "item link": "https://www.redbubble.com/i/t-shirt/Skull-1-by-KarinClaesson/22907111.FB110"}, {"image url": "https://ih1.redbubble.net/image.1586263425.8941/ur,comforter_top_king,square,600x600.1.jpg", "item name": "Spider s Net @ Halloween House  Comforter", "item link": "https://www.redbubble.com/i/comforter/Spider-s-Net-Halloween-House-by-Smartatart/56028941.8IC4O"}, {"image url": "https://ih1.redbubble.net/image.66481588.7374/ssrco,slim_fit_t_shirt,mens,33281f:5b604c86ce,back,square_product,600x600.jpg", "item name": "Scorpion, Scorpio, Tattoo Style Essential T-Shirt", "item link": "https://www.redbubble.com/i/t-shirt/Scorpion-Scorpio-Tattoo-Style-by-boom-art/11997374.R72EL"}, {"image url": "https://ih1.redbubble.net/image.22630238.7388/ssrco,mhoodie,mens,101010:01c5ca27c6,back,square_product,x600-bg,f8f8f8.1u1.jpg", "item name": "Scorpion, Scorpio, Tattoo Style Pullover Hoodie", "item link": "https://www.redbubble.com/i/hoodie/Scorpion-Scorpio-Tattoo-Style-by-boom-art/11997388.XH4TF"}, {"image url": "https://ih1.redbubble.net/image.1583539112.0941/ra,kids_tee,x750,FFFFFF:97ab1c12de,front-pad,600x600,f8f8f8.jpg", "item name": "Bizarre Insect Kids T-Shirt", "item link": "https://www.redbubble.com/i/kids-t-shirt/Bizarre-Insect-by-Rwshana/55970941.MZ153"}, {"image url": "https://ih1.redbubble.net/image.1379727292.1261/ssrco,slim_fit_t_shirt,mens,101010:01c5ca27c6,front,square_product,600x600.jpg", "item name": "Wild, wolf, moon, tree  t-shirt Essential T-Shirt", "item link": "https://www.redbubble.com/i/t-shirt/Wild-wolf-moon-tree-t-shirt-by-DolphinMH/51821261.FB110"}, {"image url": "https://ih1.redbubble.net/image.1358997183.0832/st,small,507x507-pad,600x600,f8f8f8.jpg", "item name": "magic wolf classic t-shirt Sticker", "item link": "https://www.redbubble.com/i/sticker/magic-wolf-classic-t-shirt-by-DolphinMH/51400832.EJUG5"}, {"image url": "https://ih1.redbubble.net/image.1366414939.9319/ur,water_bottle_metal_lid_on,square,600x600.2.jpg", "item name": "Wolf ,wolves  classic t-shirt Water Bottle", "item link": "https://www.redbubble.com/i/water-bottle/Wolf-wolves-classic-t-shirt-by-DolphinMH/51559319.Y6CDO"}, {"image url": "https://ih1.redbubble.net/image.1364450433.7595/ssrco,classic_tee,mens,heather_grey,front_alt,square_product,600x600.jpg", "item name": "If the wolf mentioned, be careful t-shirt Classic T-Shirt", "item link": "https://www.redbubble.com/i/t-shirt/If-the-wolf-mentioned-be-careful-t-shirt-by-DolphinMH/51517595.0S66D.XYZ"}, {"image url": "https://ih1.redbubble.net/image.1356501582.6623/ssrco,classic_tee,mens,heather_grey,front_alt,square_product,600x600.u1.jpg", "item name": "Silhouette the wlof dog classic t-shirt Classic T-Shirt", "item link": "https://www.redbubble.com/i/t-shirt/Silhouette-the-wlof-dog-classic-t-shirt-by-DolphinMH/51346623.0S66D"}, {"image url": "https://ih1.redbubble.net/image.1379779554.2974/mug,tall,x334,right-pad,600x600,f8f8f8.jpg", "item name": "Scary wolf t-shirt Tall Mug", "item link": "https://www.redbubble.com/i/mug/Scary-wolf-t-shirt-by-DolphinMH/51822974.W3OIY"}, {"image url": "https://ih1.redbubble.net/image.1459085888.1921/mwo,x540,ipad_2_snap-pad,600x600,f8f8f8.jpg", "item name": "Umm No iPad Snap Case", "item link": "https://www.redbubble.com/i/ipad-case/Umm-No-by-ErinLavinia/53381921.MNKGF"}, {"image url": "https://ih1.redbubble.net/image.1366356921.8022/ra,tank,x1860,fafafa:ca443f4786,front-c,288,321,600,600-bg,f8f8f8.jpg", "item name": "The seller of roses and wolf t-shirt Tank Top", "item link": "https://www.redbubble.com/i/tank-top/The-seller-of-roses-and-wolf-t-shirt-by-DolphinMH/51558022.E1H7L"}, {"image url": "https://ih1.redbubble.net/image.22630107.7358/ssrco,slim_fit_t_shirt,mens,e5d6c5:f62bbf65ee,back,square_product,600x600.jpg", "item name": "Scorpion, Scorpio, Tattoo Style Essential T-Shirt", "item link": "https://www.redbubble.com/i/t-shirt/Scorpion-Scorpio-Tattoo-Style-by-boom-art/11997358.GOFIH"}, {"image url": "https://ih1.redbubble.net/image.1369607670.6175/ssrco,mhoodie,mens,101010:01c5ca27c6,front,square_product,x600-bg,f8f8f8.1.jpg", "item name": "Ensign the wolf t-shirt Pullover Hoodie", "item link": "https://www.redbubble.com/i/hoodie/Ensign-the-wolf-t-shirt-by-DolphinMH/51626175.YFBT8"}, {"image url": "https://ih1.redbubble.net/image.1387167607.5450/ur,apron_flatlay_front,square,600x600.jpg", "item name": "Vampira Apron", "item link": "https://www.redbubble.com/i/apron/Vampira-by-VixxxenDesigns/32335450.6ZXWR"}, {"image url": "https://ih1.redbubble.net/image.1543074687.3417/pd,x450,macbook_air_13-pad,600x600,f8f8f8.jpg", "item name": "Golden Scorpion Style Laptop Skin", "item link": "https://www.redbubble.com/i/laptop-skin/Golden-Scorpion-Style-by-Ayymann/55113417.6EA4Y"}, {"image url": "https://ih1.redbubble.net/image.1434979378.6886/ur,mask_flatlay_front,product,600x600.jpg", "item name": "floral skull Mask", "item link": "https://www.redbubble.com/i/mask/floral-skull-by-gingganggoo/52786886.9G0D8"}, {"image url": "https://ih1.redbubble.net/image.1384255369.1286/ssrco,classic_tee,mens,101010:01c5ca27c6,front_alt,square_product,600x600.jpg", "item name": "Halloween Skull Classic T-Shirt", "item link": "https://www.redbubble.com/i/t-shirt/Halloween-Skull-by-Lucia93/51911286.IJ6L0.XYZ"}, {"image url": "https://ih1.redbubble.net/image.1458242705.6794/ssrco,lightweight_hoodie,mens,grey_lightweight_hoodie,front,square_product,x600-bg,f8f8f8.2u2.jpg", "item name": "The Halloween Gang Lightweight Hoodie", "item link": "https://www.redbubble.com/i/hoodie/The-Halloween-Gang-by-RuthieSpoonemor/27786794.GQV8B.XYZ"}]